setting	exposure	outcome	n	beta	lo	hi	p	q
S1_TCGA_Xena	WGD	cytolytic	716	-0.31959307494503525	-0.4528034117079291	-0.1863827381821414	2.9747991006597654e-06	4.462198650989648e-05
S1_TCGA_Xena	WGD	cd8_tcell	716	-0.20620111552206688	-0.33723634014220716	-0.07516589090192657	0.0020828829010528602	0.008926641004512258
S1_TCGA_Xena	WGD	apm	716	-0.15989476455913448	-0.2786731805092853	-0.04111634860898365	0.008400218943761546	0.02471317016340485
S1_TCGA_Xena	WGD	isg	716	-0.026058255948719276	-0.14510911473074398	0.09299260283330542	0.6675191142737437	0.7151990510075825
S1_TCGA_Xena	WGD	cgas_sting	716	-0.08834339970790395	-0.16100610128500353	-0.01568069813080436	0.01724727038752161	0.0383272675278258
S1_TCGA_Xena	WGD	tcell_inflamed	716	-0.25954637225108124	-0.35763835355958623	-0.16145439094257624	2.6786752278089787e-07	8.036025683426937e-06
S1_TCGA_Xena	WGD	treg	716	-0.1647405759432746	-0.26043021379042386	-0.06905093809612532	0.0007642624691994855	0.00416870437745174
S1_TCGA_Xena	WGD	myeloid	716	-0.23692534087978423	-0.35049142127385935	-0.12335926048570914	4.688137481857716e-05	0.000562576497822926
S1_TCGA_Xena	WGD	tgfb_stroma	716	-0.07097520521188744	-0.18099570894950345	0.03904529852572858	0.2057328552672183	0.2807749840998491
S1_TCGA_Xena	WGD	exhaustion	716	-0.22104907454205175	-0.3357160081050619	-0.10638214097904157	0.00016681497140778862	0.0012511122855584146
S1_TCGA_Xena	ploidy	cytolytic	716	-0.15634022793907631	-0.22115641661571422	-0.09152403926243839	2.63648999706309e-06	4.462198650989648e-05
S1_TCGA_Xena	ploidy	cd8_tcell	716	-0.09086458089989599	-0.15470973088145026	-0.02701943091834172	0.0053431474309049215	0.020036802865893457
S1_TCGA_Xena	ploidy	apm	716	-0.09176784172619286	-0.14946037075516794	-0.03407531269721778	0.0018633358165565208	0.008600011461030095
S1_TCGA_Xena	ploidy	isg	716	-0.013884059902154997	-0.07181860714886985	0.044050487344559866	0.6381371246982817	0.6961495905799436
S1_TCGA_Xena	ploidy	cgas_sting	716	-0.052703905875765664	-0.0879939596007787	-0.017413852150752626	0.0034748761316756834	0.013899504526702734
S1_TCGA_Xena	ploidy	tcell_inflamed	716	-0.13223216482089803	-0.179881650411447	-0.08458267923034908	7.00925912594665e-08	4.20555547556799e-06
S1_TCGA_Xena	ploidy	treg	716	-0.08634280369054702	-0.13285034114847963	-0.0398352662326144	0.00028692230944699234	0.001721533856681954
S1_TCGA_Xena	ploidy	myeloid	716	-0.11292895683322057	-0.1682223253442729	-0.05763558832216825	6.71946485078836e-05	0.000671946485078836
S1_TCGA_Xena	ploidy	tgfb_stroma	716	-0.03932296900257702	-0.09284652794984807	0.014200589944694024	0.14962688530650203	0.23019520816384928
S1_TCGA_Xena	ploidy	exhaustion	716	-0.10950607048396441	-0.16528832114851044	-0.053723819819418366	0.00012662467172139662	0.0010853543290405424
S1_TCGA_Xena	chromo	cytolytic	716	-0.14498548647442827	-0.2811119587146174	-0.008859014234239126	0.036875549482467254	0.0691416552796261
S1_TCGA_Xena	chromo	cd8_tcell	716	-0.06380895304610373	-0.19687907217158784	0.06926116607938038	0.3468038250002295	0.4001582596156494
S1_TCGA_Xena	chromo	apm	716	-0.07760883943811367	-0.19795715537235276	0.04273947649612542	0.205901655006556	0.2807749840998491
S1_TCGA_Xena	chromo	isg	716	-0.07453413467118053	-0.19459657140424114	0.04552830206188009	0.22332100811242198	0.2912882714509852
S1_TCGA_Xena	chromo	cgas_sting	716	-0.07164205765401106	-0.1450930543390464	0.001808939031024262	0.05589933377092144	0.09864588312515549
S1_TCGA_Xena	chromo	tcell_inflamed	716	-0.12549850353913394	-0.2259497353799759	-0.02504727169829199	0.01441191690928454	0.03325826979065663
S1_TCGA_Xena	chromo	treg	716	-0.047417492914573714	-0.14471763118131808	0.04988264535217067	0.3390030371379643	0.39882710251525216
S1_TCGA_Xena	chromo	myeloid	716	-0.0877136328091293	-0.2035122140565906	0.028084948438331994	0.13742145644671258	0.21698124702112515
S1_TCGA_Xena	chromo	tgfb_stroma	716	-0.014920186720609942	-0.126096436836263	0.09625606339504311	0.7922561412155397	0.8195753184988341
S1_TCGA_Xena	chromo	exhaustion	716	-0.11995984443272938	-0.23653152121075957	-0.0033881676546991812	0.04371948776144342	0.07948997774807894
S1_TCGA_Xena	chromo_any	cytolytic	716	-0.1778785122929497	-0.3064622897963975	-0.049294734789501915	0.0067685895621082135	0.022561965207027378
S1_TCGA_Xena	chromo_any	cd8_tcell	716	-0.07521633981035498	-0.20113318620182286	0.05070050658111287	0.24127757320831822	0.30801392324466154
S1_TCGA_Xena	chromo_any	apm	716	-0.15169764924597057	-0.2651962808390742	-0.03819901765286694	0.008874815376545468	0.02471317016340485
S1_TCGA_Xena	chromo_any	isg	716	-0.07822279394350067	-0.19184297567547545	0.03539738778847412	0.17691598733970287	0.25890144488737005
S1_TCGA_Xena	chromo_any	cgas_sting	716	-0.09206655635201347	-0.1614418594704925	-0.022691253233534422	0.00936682624251296	0.02471317016340485
S1_TCGA_Xena	chromo_any	tcell_inflamed	716	-0.17656991531489208	-0.2711668684510238	-0.0819729621787604	0.0002661306614242524	0.001721533856681954
S1_TCGA_Xena	chromo_any	treg	716	-0.10270410488857591	-0.19455424566721558	-0.010853964109936262	0.028463723670946614	0.05509107807279989
S1_TCGA_Xena	chromo_any	myeloid	716	-0.13098289246251282	-0.24034048801797347	-0.02162529690705217	0.01896739642850292	0.04064442091822055
S1_TCGA_Xena	chromo_any	tgfb_stroma	716	-0.04085985679140308	-0.14605801706973065	0.06433830348692449	0.4459766696704705	0.49552963296718944
S1_TCGA_Xena	chromo_any	exhaustion	716	-0.14468395445570797	-0.2548296751206316	-0.034538233790784356	0.01011023309459024	0.025275582736475597
S1_TCGA_Xena	PGA	cytolytic	716	-0.0892649274287592	-0.1548925740394372	-0.023637280818081197	0.007748335215645568	0.02446842699677548
S1_TCGA_Xena	PGA	cd8_tcell	716	-0.05689454747584314	-0.1210757239961768	0.007286629044490518	0.08222021968471921	0.13333008597522034
S1_TCGA_Xena	PGA	apm	716	-0.06892304913039642	-0.12689956184251022	-0.01094653641828261	0.01987343747953758	0.04111745685421568
S1_TCGA_Xena	PGA	isg	716	-0.03602519822103321	-0.09401951161406208	0.021969115171995672	0.22303047146940605	0.2912882714509852
S1_TCGA_Xena	PGA	cgas_sting	716	-0.04901764238778783	-0.08440499628335357	-0.013630288492222087	0.006697146582508307	0.022561965207027378
S1_TCGA_Xena	PGA	tcell_inflamed	716	-0.08198744960806564	-0.1303386476356586	-0.03363625158047266	0.0009161284785120666	0.0045806423925603326
S1_TCGA_Xena	PGA	treg	716	-0.05986629708368802	-0.10668916346445789	-0.013043430702918149	0.012286343978461695	0.029487225548308068
S1_TCGA_Xena	PGA	myeloid	716	-0.0624920273195864	-0.11832461488152454	-0.006659439757648246	0.028307922119761467	0.05509107807279989
S1_TCGA_Xena	PGA	tgfb_stroma	716	-0.0022019440032359687	-0.055906365546747626	0.05150247754027568	0.9358640855649295	0.9517261887100978
S1_TCGA_Xena	PGA	exhaustion	716	-0.07447366763652705	-0.13067658206449917	-0.018270753208554938	0.00947338189597186	0.02471317016340485
S1_TCGA_Xena	n_high	cytolytic	716	-0.04177911006671395	-0.10594120391249037	0.022382983779062476	0.20152408895296928	0.2807749840998491
S1_TCGA_Xena	n_high	cd8_tcell	716	-0.032371337478787066	-0.094966507961773	0.03022383300419887	0.3102939151183598	0.3826086818481209
S1_TCGA_Xena	n_high	apm	716	-0.028899355768863422	-0.08553982443881639	0.027741112901089538	0.31681697848055734	0.3826086818481209
S1_TCGA_Xena	n_high	isg	716	-0.0287081252712691	-0.08520972964479528	0.027793479102257095	0.3188405682067674	0.3826086818481209
S1_TCGA_Xena	n_high	cgas_sting	716	-0.03338400693435715	-0.0679399782372751	0.0011719643685608044	0.05826988677757231	0.09989123447583824
S1_TCGA_Xena	n_high	tcell_inflamed	716	-0.0423282312094966	-0.08968145002908051	0.005024987610087302	0.07969596891561823	0.13282661485936373
S1_TCGA_Xena	n_high	treg	716	-0.007589262588071858	-0.0533891608809695	0.038210635704825774	0.7450280777034982	0.7842400817931561
S1_TCGA_Xena	n_high	myeloid	716	-0.023591279696433397	-0.07812449627870398	0.030941936885837185	0.39598219482267	0.4482817299879283
S1_TCGA_Xena	n_high	tgfb_stroma	716	-0.001451477067356377	-0.053755682687656806	0.05085272855294405	0.9565656829837554	0.9565656829837554
S1_TCGA_Xena	n_high	exhaustion	716	-0.038159430719825894	-0.09308467860612812	0.016765817166476328	0.17299615133539445	0.25890144488737005
S2_TCGA_PCAWG	WGD	cytolytic	716	-0.3332531789045471	-0.4616147270842178	-0.20489163072487637	4.423475113681713e-07	8.846950227363425e-06
S2_TCGA_PCAWG	WGD	cd8_tcell	716	-0.20646862335217536	-0.33488993239857373	-0.078047314305777	0.001664141966445759	0.005255185157197134
S2_TCGA_PCAWG	WGD	apm	716	-0.19851620142098467	-0.32122064398030004	-0.07581175886166928	0.0015559967990741847	0.005255185157197134
S2_TCGA_PCAWG	WGD	isg	716	-0.018496088433029998	-0.13744127500127573	0.10044909813521573	0.7602305476574442	0.8002426817446782
S2_TCGA_PCAWG	WGD	cgas_sting	716	-0.09574585747241847	-0.17385541470885923	-0.017636300235977703	0.01635576107903663	0.03634613573119251
S2_TCGA_PCAWG	WGD	tcell_inflamed	716	-0.24512064102070885	-0.3445352877989651	-0.14570599424245262	1.5868435224294587e-06	1.9042122269153506e-05
S2_TCGA_PCAWG	WGD	treg	716	-0.15591540660513492	-0.2548367701194434	-0.05699404309082644	0.0020488618367501205	0.0058538909621432015
S2_TCGA_PCAWG	WGD	myeloid	716	-0.2477436521819191	-0.3537487467249386	-0.1417385576388996	5.277724465221667e-06	5.277724465221667e-05
S2_TCGA_PCAWG	WGD	tgfb_stroma	716	-0.07877462694721121	-0.18847806715772789	0.03092881326330546	0.15903963873419474	0.24467636728337652
S2_TCGA_PCAWG	WGD	exhaustion	716	-0.2125626870807943	-0.3251033624533446	-0.100022011708244	0.00022496148700349933	0.0012270626563827237
S2_TCGA_PCAWG	ploidy	cytolytic	716	-0.17789579578369802	-0.2399799157464344	-0.11581167582096163	2.6571798085186262e-08	9.479014212664687e-07
S2_TCGA_PCAWG	ploidy	cd8_tcell	716	-0.10872796808316615	-0.17100201279327154	-0.04645392337306074	0.000643390476597478	0.002412714287240543
S2_TCGA_PCAWG	ploidy	apm	716	-0.10922748366186429	-0.16868277765411174	-0.04977218966961682	0.0003315935909509996	0.001657967954754998
S2_TCGA_PCAWG	ploidy	isg	716	-0.013424581009543314	-0.07117012587951271	0.04432096386042609	0.6482237316673948	0.7020427179164008
S2_TCGA_PCAWG	ploidy	cgas_sting	716	-0.06664523149519777	-0.10440581698976438	-0.02888464600063116	0.0005617796327666812	0.0022471185310667247
S2_TCGA_PCAWG	ploidy	tcell_inflamed	716	-0.1368074047304989	-0.18481916581556745	-0.08879564364543036	3.159671404221562e-08	9.479014212664687e-07
S2_TCGA_PCAWG	ploidy	treg	716	-0.09454755320834365	-0.14239462264999964	-0.04670048376668766	0.00011435060719722467	0.0008576295539791851
S2_TCGA_PCAWG	ploidy	myeloid	716	-0.12757525542909104	-0.17894767025027997	-0.07620284060790211	1.3389670255973392e-06	1.9042122269153506e-05
S2_TCGA_PCAWG	ploidy	tgfb_stroma	716	-0.04770692152679654	-0.10092874503050275	0.005514901976909674	0.07886059027847205	0.138925481976516
S2_TCGA_PCAWG	ploidy	exhaustion	716	-0.11781895950807376	-0.17229939156426768	-0.06333852745187984	2.4666483419743598e-05	0.0002114270007406594
S2_TCGA_PCAWG	chromo	cytolytic	716	-0.15236282697550071	-0.2842615100471554	-0.020464143903846016	0.023633565333781553	0.050643354286674755
S2_TCGA_PCAWG	chromo	cd8_tcell	716	-0.07269359005325188	-0.2035751097456058	0.05818792963910205	0.2758849568881454	0.3678466091841939
S2_TCGA_PCAWG	chromo	apm	716	-0.07923306300487853	-0.2042676222874257	0.045801496277668635	0.2138636742958336	0.308950176463759
S2_TCGA_PCAWG	chromo	isg	716	-0.0745230334396548	-0.19489105741228194	0.045844990532972335	0.22456616415085104	0.308950176463759
S2_TCGA_PCAWG	chromo	cgas_sting	716	-0.03650651887216097	-0.11590295074210885	0.04288991299778691	0.3669761152669229	0.4234339791541418
S2_TCGA_PCAWG	chromo	tcell_inflamed	716	-0.11171584466515982	-0.21373054845600048	-0.009701140874319156	0.03189117265038475	0.0637823453007695
S2_TCGA_PCAWG	chromo	treg	716	-0.022947138276985836	-0.12380649568208238	0.07791221912811072	0.6552398700553075	0.7020427179164008
S2_TCGA_PCAWG	chromo	myeloid	716	-0.07996087199683588	-0.18875525702319568	0.02883351302952393	0.1494680378767105	0.23600216506849028
S2_TCGA_PCAWG	chromo	tgfb_stroma	716	-0.03679751314187692	-0.14804314126575355	0.07444811498199971	0.5162794366787403	0.5760027568884682
S2_TCGA_PCAWG	chromo	exhaustion	716	-0.10220384145545984	-0.217051007306113	0.01264332439519332	0.081039864486301	0.138925481976516
S2_TCGA_PCAWG	chromo_any	cytolytic	716	-0.22489560086574403	-0.3492831498259618	-0.10050805190552624	0.0004110279675953989	0.00189705215813261
S2_TCGA_PCAWG	chromo_any	cd8_tcell	716	-0.11984220199161548	-0.24370063907803552	0.00401623509480456	0.05788429051382482	0.10524416457059058
S2_TCGA_PCAWG	chromo_any	apm	716	-0.13520071155964727	-0.25343750638659446	-0.016963916732700077	0.02507532402190262	0.05187998073497094
S2_TCGA_PCAWG	chromo_any	isg	716	-0.0843209133988726	-0.19837277507494955	0.02973094827720435	0.14707848179658542	0.23600216506849028
S2_TCGA_PCAWG	chromo_any	cgas_sting	716	-0.08025305127165747	-0.1553276271030915	-0.005178475440223429	0.036192755779815275	0.06786141708715364
S2_TCGA_PCAWG	chromo_any	tcell_inflamed	716	-0.18214312849976222	-0.2782306778909592	-0.08605557910856527	0.0002135558153973358	0.0012270626563827237
S2_TCGA_PCAWG	chromo_any	treg	716	-0.07551999510566268	-0.1709808365610407	0.019940846349715352	0.12082289224468494	0.20137148707447491
S2_TCGA_PCAWG	chromo_any	myeloid	716	-0.1447327907295327	-0.24746399994178492	-0.042001581517280506	0.005822015283399795	0.015194830227061846
S2_TCGA_PCAWG	chromo_any	tgfb_stroma	716	-0.05610689678107272	-0.16151194605433727	0.049298152492191834	0.29634925642559784	0.3704365705319973
S2_TCGA_PCAWG	chromo_any	exhaustion	716	-0.14054071585114858	-0.2491513826136355	-0.03193004908866166	0.01128115845705641	0.0260334425932071
S2_TCGA_PCAWG	PGA	cytolytic	716	-0.11326298085957252	-0.1765833553850198	-0.049942606334125256	0.0004731359758264539	0.0020277256106848024
S2_TCGA_PCAWG	PGA	cd8_tcell	716	-0.06833227657849322	-0.13133090670174954	-0.005333646455236901	0.033553667576004996	0.06494258240517095
S2_TCGA_PCAWG	PGA	apm	716	-0.09526642638405132	-0.1552490451798999	-0.03528380758820274	0.0018930055161976798	0.005679016548593039
S2_TCGA_PCAWG	PGA	isg	716	-0.03609556519964001	-0.09416889096623682	0.0219777605669568	0.22275782328692256	0.308950176463759
S2_TCGA_PCAWG	PGA	cgas_sting	716	-0.05100693329440442	-0.08915095514502169	-0.012862911443787144	0.008841421556644772	0.021219411735947453
S2_TCGA_PCAWG	PGA	tcell_inflamed	716	-0.09432400422238413	-0.14321226000090098	-0.04543574844386729	0.00016472286277355723	0.0010981524184903815
S2_TCGA_PCAWG	PGA	treg	716	-0.06768710959988032	-0.11609991674624662	-0.019274302453514025	0.00620479327192461	0.015511983179811523
S2_TCGA_PCAWG	PGA	myeloid	716	-0.08398837001079565	-0.13619044150682016	-0.03178629851477113	0.0016513240448924596	0.005255185157197134
S2_TCGA_PCAWG	PGA	tgfb_stroma	716	-0.01766392422338408	-0.07133661223655184	0.03600876378978368	0.5184024811996214	0.5760027568884682
S2_TCGA_PCAWG	PGA	exhaustion	716	-0.07781056007109499	-0.13304344602908885	-0.022577674113101118	0.005824684920373708	0.015194830227061846
S2_TCGA_PCAWG	n_high	cytolytic	716	-0.031666841759041574	-0.0939108668791036	0.03057718336102045	0.3182136173851569	0.38945095098312044
S2_TCGA_PCAWG	n_high	cd8_tcell	716	-0.033002104423503244	-0.09459089181534257	0.02858668296833608	0.2931439899692943	0.3704365705319973
S2_TCGA_PCAWG	n_high	apm	716	-0.029554714984589982	-0.08841246699188593	0.029303037022705973	0.3245424591526004	0.38945095098312044
S2_TCGA_PCAWG	n_high	isg	716	-0.02717670617306231	-0.08383836357318883	0.029484951227064203	0.34668567709367965	0.4078655024631525
S2_TCGA_PCAWG	n_high	cgas_sting	716	-0.023020208309892452	-0.06036253274063552	0.014322116120850617	0.22656346274008993	0.308950176463759
S2_TCGA_PCAWG	n_high	tcell_inflamed	716	-0.029954234150278994	-0.07806153274684402	0.01815306444628604	0.22193869198070032	0.308950176463759
S2_TCGA_PCAWG	n_high	treg	716	0.006346281801300105	-0.04111661970767826	0.05380918331027847	0.7930013274204292	0.8064420278851823
S2_TCGA_PCAWG	n_high	myeloid	716	-0.007266943081978709	-0.05853126515567917	0.04399737899172176	0.7808578068674157	0.8064420278851823
S2_TCGA_PCAWG	n_high	tgfb_stroma	716	-0.0035853942031741845	-0.05594595459798609	0.04877516619163772	0.8930948244604453	0.8930948244604453
S2_TCGA_PCAWG	n_high	exhaustion	716	-0.02913552318222701	-0.08324919694627912	0.024978150581825103	0.2908392333803382	0.3704365705319973
S3_nonTCGA_PCAWG	WGD	cytolytic	421	-0.10216175974737879	-0.3150943219225397	0.11077080242778212	0.3461769732430309	0.5854405362156586
S3_nonTCGA_PCAWG	WGD	cd8_tcell	421	-0.10934743694234018	-0.3253342211723103	0.10663934728762996	0.32023673759672694	0.5854405362156586
S3_nonTCGA_PCAWG	WGD	apm	421	-0.14394004057554968	-0.3273022920652648	0.03942221091416542	0.12357533272312926	0.4689666423857937
S3_nonTCGA_PCAWG	WGD	isg	421	-0.26566788036645217	-0.446138895191158	-0.08519686554174632	0.004008004579495395	0.18526835146848364
S3_nonTCGA_PCAWG	WGD	cgas_sting	421	-0.1592362497067091	-0.2785297851912073	-0.039942714222210934	0.009013787146152948	0.18526835146848364
S3_nonTCGA_PCAWG	WGD	tcell_inflamed	421	-0.10595723171355308	-0.26118785152008955	0.049273388092983414	0.18041521930535764	0.4987099461262957
S3_nonTCGA_PCAWG	WGD	treg	421	-0.16713689031338483	-0.3284644583921853	-0.005809322234584385	0.04233628957491678	0.28962667439708417
S3_nonTCGA_PCAWG	WGD	myeloid	421	-0.06567353011389576	-0.24007166031004007	0.10872460008224855	0.4595849821093812	0.6412813703851831
S3_nonTCGA_PCAWG	WGD	tgfb_stroma	421	-0.09017737035072182	-0.26623482919380087	0.08588008849235723	0.3146032185644993	0.5854405362156586
S3_nonTCGA_PCAWG	WGD	exhaustion	421	-0.12134307910282047	-0.29334604919508567	0.05065989098944476	0.1662673251846424	0.4987099461262957
S3_nonTCGA_PCAWG	ploidy	cytolytic	421	-0.020175500264518444	-0.1100389462168596	0.0696879456878227	0.659211513124125	0.7324572368045833
S3_nonTCGA_PCAWG	ploidy	cd8_tcell	421	-0.03156897590489083	-0.12270302983456295	0.059565078024781296	0.49630584754467655	0.659171029382786
S3_nonTCGA_PCAWG	ploidy	apm	421	-0.02203677872263728	-0.09954779647533926	0.05547423903006471	0.5765642145871059	0.6918770575045271
S3_nonTCGA_PCAWG	ploidy	isg	421	-0.09238630094835404	-0.16873075583255953	-0.016041846064148546	0.017822998085862053	0.221000492471731
S3_nonTCGA_PCAWG	ploidy	cgas_sting	421	-0.0669076739924177	-0.1172139366243746	-0.016601411360460817	0.009263417573424183	0.18526835146848364
S3_nonTCGA_PCAWG	ploidy	tcell_inflamed	421	-0.026562198136716078	-0.09211064177280978	0.038986245499377625	0.42616673768247293	0.623658640510936
S3_nonTCGA_PCAWG	ploidy	treg	421	-0.08175681826050857	-0.14966787442543325	-0.013845762095583886	0.018416707705977583	0.221000492471731
S3_nonTCGA_PCAWG	ploidy	myeloid	421	-0.03640875294576652	-0.10991319438402368	0.03709568849249063	0.33079504889996253	0.5854405362156586
S3_nonTCGA_PCAWG	ploidy	tgfb_stroma	421	-0.032653356239631906	-0.10691639594870168	0.04160968346943787	0.3879188924948085	0.5854405362156586
S3_nonTCGA_PCAWG	ploidy	exhaustion	421	-0.03177666806034196	-0.1044089950957327	0.04085565897504878	0.3902936908104391	0.5854405362156586
S3_nonTCGA_PCAWG	chromo	cytolytic	421	-0.05210230567943762	-0.2527225247866874	0.14851791342781212	0.6099738762783615	0.7145816600588631
S3_nonTCGA_PCAWG	chromo	cd8_tcell	421	-0.004199333888047205	-0.20778492380794183	0.1993862560318474	0.9676775537187544	0.9785944429363893
S3_nonTCGA_PCAWG	chromo	apm	421	-0.1536246491586919	-0.3261137795577985	0.01886448124041476	0.08073442717337406	0.38635771069198016
S3_nonTCGA_PCAWG	chromo	isg	421	-0.04339397452345857	-0.21494817002853867	0.12816022098162155	0.6193041053843481	0.7145816600588631
S3_nonTCGA_PCAWG	chromo	cgas_sting	421	0.05322586996816491	-0.05989252727537627	0.1663442672117061	0.3555471204938431	0.5854405362156586
S3_nonTCGA_PCAWG	chromo	tcell_inflamed	421	-0.08084776111821801	-0.22710065205288849	0.06540512981645247	0.27783661644072455	0.5758056982383462
S3_nonTCGA_PCAWG	chromo	treg	421	-0.05041215291586716	-0.20297315002759508	0.10214884419586077	0.5163506396831824	0.659171029382786
S3_nonTCGA_PCAWG	chromo	myeloid	421	-0.07290546919482782	-0.23705363505418056	0.09124269666452492	0.38314333222242114	0.5854405362156586
S3_nonTCGA_PCAWG	chromo	tgfb_stroma	421	0.12678519438853508	-0.03871927513243842	0.2922896639095086	0.13287388200930822	0.4689666423857937
S3_nonTCGA_PCAWG	chromo	exhaustion	421	-0.03725345870347568	-0.19952210619622876	0.1250151887892774	0.6520251042471894	0.7324572368045833
S3_nonTCGA_PCAWG	chromo_any	cytolytic	421	-0.105939802303804	-0.29532415495302883	0.08344455034542082	0.2721510376414969	0.5758056982383462
S3_nonTCGA_PCAWG	chromo_any	cd8_tcell	421	-0.06519095253505569	-0.25749091604342195	0.12710901097331057	0.5055400774220986	0.659171029382786
S3_nonTCGA_PCAWG	chromo_any	apm	421	-0.11580604150914527	-0.2790375375659985	0.047425454547707926	0.16389057172396784	0.4987099461262957
S3_nonTCGA_PCAWG	chromo_any	isg	421	-0.056688282746983364	-0.21877465095392812	0.10539808545996138	0.4921653092055778	0.659171029382786
S3_nonTCGA_PCAWG	chromo_any	cgas_sting	421	0.0028549318383955594	-0.10415873569991499	0.1098685993767061	0.9582028068144693	0.9785944429363893
S3_nonTCGA_PCAWG	chromo_any	tcell_inflamed	421	-0.12164220101250975	-0.2595603092142448	0.016275907189225253	0.0837108373165957	0.38635771069198016
S3_nonTCGA_PCAWG	chromo_any	treg	421	-0.13431134085663088	-0.2779840282998993	0.009361346586637592	0.0668339655825105	0.38635771069198016
S3_nonTCGA_PCAWG	chromo_any	myeloid	421	-0.09677977213861107	-0.25177271727229034	0.05821317299506819	0.22036794723691727	0.5509198680922931
S3_nonTCGA_PCAWG	chromo_any	tgfb_stroma	421	0.08709602411304394	-0.06951715956641981	0.2437092077925077	0.27495829465180216	0.5758056982383462
S3_nonTCGA_PCAWG	chromo_any	exhaustion	421	-0.09815198279527519	-0.25125285967386735	0.054948894083316976	0.2083099743014509	0.5434173242646545
S3_nonTCGA_PCAWG	PGA	cytolytic	421	-0.05156166846457137	-0.1422789038204681	0.039155566891325363	0.26453379980614244	0.5758056982383462
S3_nonTCGA_PCAWG	PGA	cd8_tcell	421	-0.08423029870158857	-0.1760401713285316	0.007579573925354452	0.07204883849451466	0.38635771069198016
S3_nonTCGA_PCAWG	PGA	apm	421	-0.023332091144623847	-0.1016754154130887	0.05501123312384099	0.5585869566228238	0.6839840285177434
S3_nonTCGA_PCAWG	PGA	isg	421	-0.0856884426971275	-0.16293815354315133	-0.00843873185110365	0.029786352557909207	0.28962667439708417
S3_nonTCGA_PCAWG	PGA	cgas_sting	421	-0.04145579494115451	-0.09256356178266961	0.009651971900360587	0.11159465061422949	0.4689666423857937
S3_nonTCGA_PCAWG	PGA	tcell_inflamed	421	-0.04683435353452485	-0.11298600887511472	0.019317301806065015	0.16476620042683474	0.4987099461262957
S3_nonTCGA_PCAWG	PGA	treg	421	-0.07086061205857033	-0.13962529457759965	-0.0020959295395410332	0.04344400115956262	0.28962667439708417
S3_nonTCGA_PCAWG	PGA	myeloid	421	-0.02224217117716632	-0.09659218553694385	0.05210784318261121	0.5568240603285544	0.6839840285177434
S3_nonTCGA_PCAWG	PGA	tgfb_stroma	421	0.004423103473619482	-0.07070609769315486	0.07955230464039384	0.907925869701867	0.955711441791439
S3_nonTCGA_PCAWG	PGA	exhaustion	421	-0.05622192522001579	-0.12950235232245966	0.017058501882428065	0.1322879359111804	0.4689666423857937
S3_nonTCGA_PCAWG	n_high	cytolytic	421	-0.03466864358752709	-0.12393096468719894	0.05459367751214476	0.44562835094637504	0.636611929923393
S3_nonTCGA_PCAWG	n_high	cd8_tcell	421	0.012854445026951086	-0.07775396501558013	0.1034628550694823	0.7804860629437522	0.8514393413931842
S3_nonTCGA_PCAWG	n_high	apm	421	-0.08070550038274388	-0.15737005978904783	-0.004040940976439922	0.03913546730020163	0.28962667439708417
S3_nonTCGA_PCAWG	n_high	isg	421	-0.04011603516998385	-0.11640038349216181	0.036168313152194105	0.30187724468083854	0.5854405362156586
S3_nonTCGA_PCAWG	n_high	cgas_sting	421	0.0006883791454142182	-0.04971260211426581	0.05108936040509424	0.9785944429363893	0.9785944429363893
S3_nonTCGA_PCAWG	n_high	tcell_inflamed	421	-0.03595054254725421	-0.10104841102533074	0.02914732593082233	0.2783060874818673	0.5758056982383462
S3_nonTCGA_PCAWG	n_high	treg	421	-0.04601673776922505	-0.11381197787073008	0.021778502332279986	0.18286031357964175	0.4987099461262957
S3_nonTCGA_PCAWG	n_high	myeloid	421	-0.0328971589274512	-0.1059582482410028	0.040163930386100395	0.37662338905895215	0.5854405362156586
S3_nonTCGA_PCAWG	n_high	tgfb_stroma	421	0.006769630552969495	-0.06709414201326805	0.08063340311920703	0.8571191857549698	0.9183419847374676
S3_nonTCGA_PCAWG	n_high	exhaustion	421	-0.034468787575932774	-0.1066365503546468	0.037698975202781246	0.34835459010436337	0.5854405362156586
