setting	exposure	outcome	n	beta	p	q
TCGA (all histologies)	WGD	cytolytic	717	-0.33220041412115886	4.680977691388989e-07	9.361955382777978e-06
TCGA (all histologies)	WGD	cd8_tcell	717	-0.20742767631611037	0.0015664274417825697	0.0054520869805701425
TCGA (all histologies)	WGD	apm	717	-0.19651886999709767	0.0017264942105138783	0.0054520869805701425
TCGA (all histologies)	WGD	isg	717	-0.018323013758124593	0.7621390434365632	0.8022516246700666
TCGA (all histologies)	WGD	cgas_sting	717	-0.0951872325390827	0.016878300804364185	0.0375073351208093
TCGA (all histologies)	WGD	tcell_inflamed	717	-0.2454041445174022	1.5025882240807793e-06	1.803105868896935e-05
TCGA (all histologies)	WGD	treg	717	-0.15589117815033196	0.0020275738054507915	0.00579306801557369
TCGA (all histologies)	WGD	myeloid	717	-0.246405007622313	5.833217450573313e-06	5.833217450573313e-05
TCGA (all histologies)	WGD	tgfb_stroma	717	-0.08097706429924298	0.1477267205301162	0.2272718777386403
TCGA (all histologies)	WGD	exhaustion	717	-0.21192929935402519	0.00023119135439087835	0.001261043751222973
TCGA (all histologies)	ploidy	cytolytic	717	-0.17741260161215738	2.7884434746895322e-08	8.93765500162039e-07
TCGA (all histologies)	ploidy	cd8_tcell	717	-0.10909750422938053	0.000607680216872469	0.0022788008132717586
TCGA (all histologies)	ploidy	apm	717	-0.10836887597734428	0.0003661280556955247	0.0018016145419064876
TCGA (all histologies)	ploidy	isg	717	-0.013346785875038998	0.6496872428030424	0.705295871452695
TCGA (all histologies)	ploidy	cgas_sting	717	-0.06638503858836496	0.00058142284795744	0.0022788008132717586
TCGA (all histologies)	ploidy	tcell_inflamed	717	-0.13688433216798312	2.9792183338734635e-08	8.93765500162039e-07
TCGA (all histologies)	ploidy	treg	717	-0.09450435689490333	0.0001127561902386243	0.0008456714267896823
TCGA (all histologies)	ploidy	myeloid	717	-0.12699032343365804	1.4619410371259708e-06	1.803105868896935e-05
TCGA (all histologies)	ploidy	tgfb_stroma	717	-0.048602532453159125	0.07336320722204648	0.1294644833330232
TCGA (all histologies)	ploidy	exhaustion	717	-0.11752227104697427	2.5244673597037324e-05	0.0002163829165460342
TCGA (all histologies)	chromo	cytolytic	717	-0.15322681487929551	0.022594179753674414	0.04744720205916352
TCGA (all histologies)	chromo	cd8_tcell	717	-0.07057040185294373	0.2893190884688632	0.37673982178881776
TCGA (all histologies)	chromo	apm	717	-0.08208522884197832	0.19720597031598353	0.2958089554739753
TCGA (all histologies)	chromo	isg	717	-0.07459488816755042	0.2232019058849678	0.3069251597862351
TCGA (all histologies)	chromo	cgas_sting	717	-0.037204835421614735	0.35697260128656005	0.4118914630229539
TCGA (all histologies)	chromo	tcell_inflamed	717	-0.11057040424760017	0.03335627322407462	0.06456052882078958
TCGA (all histologies)	chromo	treg	717	-0.02268632984452949	0.658276146689182	0.705295871452695
TCGA (all histologies)	chromo	myeloid	717	-0.0816250107126015	0.1405024756353034	0.2272718777386403
TCGA (all histologies)	chromo	tgfb_stroma	717	-0.03287080158675696	0.5617585805346488	0.6241762005940542
TCGA (all histologies)	chromo	exhaustion	717	-0.10267787956633265	0.0790535524706551	0.13552037566398015
TCGA (all histologies)	chromo_any	cytolytic	717	-0.22546086217768005	0.0003903498174130723	0.0018016145419064876
TCGA (all histologies)	chromo_any	cd8_tcell	717	-0.11831210517210368	0.060861457496095776	0.11065719544744686
TCGA (all histologies)	chromo_any	apm	717	-0.1371579816134018	0.022932814328595702	0.04744720205916352
TCGA (all histologies)	chromo_any	isg	717	-0.08438697703438465	0.14619545561191452	0.2272718777386403
TCGA (all histologies)	chromo_any	cgas_sting	717	-0.08069674100770828	0.03493439102188901	0.06550198316604189
TCGA (all histologies)	chromo_any	tcell_inflamed	717	-0.18128291415832104	0.00022452430443380998	0.001261043751222973
TCGA (all histologies)	chromo_any	treg	717	-0.07527175932478801	0.12152799280436474	0.20254665467394126
TCGA (all histologies)	chromo_any	myeloid	717	-0.14584289453416638	0.00540324851736358	0.014736132320082493
TCGA (all histologies)	chromo_any	tgfb_stroma	717	-0.05333412176581087	0.3208082288189193	0.38496987458270315
TCGA (all histologies)	chromo_any	exhaustion	717	-0.1408602316514717	0.010986606873821733	0.025353708170357845
TCGA (all histologies)	PGA	cytolytic	717	-0.11301706657314246	0.0004784983290689215	0.002050707124581092
TCGA (all histologies)	PGA	cd8_tcell	717	-0.06851689874553968	0.032867744349464816	0.06456052882078958
TCGA (all histologies)	PGA	apm	717	-0.09481233203039241	0.001974359705501078	0.00579306801557369
TCGA (all histologies)	PGA	isg	717	-0.03603412871590296	0.22289137380219606	0.3069251597862351
TCGA (all histologies)	PGA	cgas_sting	717	-0.050868127916036364	0.00893812199962355	0.02145149279909652
TCGA (all histologies)	PGA	tcell_inflamed	717	-0.09435455247392321	0.00016059387029098449	0.0010706258019398966
TCGA (all histologies)	PGA	treg	717	-0.06765777794344924	0.006154129343163106	0.015385323357907764
TCGA (all histologies)	PGA	myeloid	717	-0.08368995372959895	0.0016957393275842077	0.0054520869805701425
TCGA (all histologies)	PGA	tgfb_stroma	717	-0.01812350874151803	0.5075050820076168	0.5745340551029624
TCGA (all histologies)	PGA	exhaustion	717	-0.07765717450482323	0.005854345676271135	0.015272206112011655
TCGA (all histologies)	n_high	cytolytic	717	-0.031741309277829796	0.3164676313419481	0.38496987458270315
TCGA (all histologies)	n_high	cd8_tcell	717	-0.032831108720579684	0.2951128604012406	0.37673982178881776
TCGA (all histologies)	n_high	apm	717	-0.029768632150310313	0.32070133510421145	0.38496987458270315
TCGA (all histologies)	n_high	isg	717	-0.027178262639189092	0.3460082089323342	0.4070684810968638
TCGA (all histologies)	n_high	cgas_sting	717	-0.023065151815980168	0.22507845050990571	0.3069251597862351
TCGA (all histologies)	n_high	tcell_inflamed	717	-0.02986790754568468	0.22268369688446282	0.3069251597862351
TCGA (all histologies)	n_high	treg	717	0.006357426562587055	0.7923728082084663	0.80580285580522
TCGA (all histologies)	n_high	myeloid	717	-0.0074051962105065525	0.7765716970876362	0.8033500314699684
TCGA (all histologies)	n_high	tgfb_stroma	717	-0.0032892524393986784	0.9018688254380218	0.9018688254380218
TCGA (all histologies)	n_high	exhaustion	717	-0.02917199374621096	0.28960378972245343	0.37673982178881776
TCGA (shared histologies only)	WGD	cytolytic	139	-0.40481471470552155	0.012928082992063649	0.11804298234729105
TCGA (shared histologies only)	WGD	cd8_tcell	139	-0.35080399721622985	0.03052904653518471	0.12211618614073884
TCGA (shared histologies only)	WGD	apm	139	-0.41930185587481983	0.004377755530371117	0.08032883150114631
TCGA (shared histologies only)	WGD	isg	139	-0.19852755533827598	0.1012010883606808	0.30769736118610247
TCGA (shared histologies only)	WGD	cgas_sting	139	-0.10893460817296989	0.27506870091613367	0.622861035925632
TCGA (shared histologies only)	WGD	tcell_inflamed	139	-0.33382379493146097	0.004089887358994666	0.08032883150114631
TCGA (shared histologies only)	WGD	treg	139	-0.21486551716092117	0.06702649757150943	0.23656410907591563
TCGA (shared histologies only)	WGD	myeloid	139	-0.32801559598204166	0.008994763661591425	0.10793716393909711
TCGA (shared histologies only)	WGD	tgfb_stroma	139	-0.07702319914844638	0.5594888955735867	0.7827601195365643
TCGA (shared histologies only)	WGD	exhaustion	139	-0.29162693418433344	0.026571955439971998	0.12211618614073884
TCGA (shared histologies only)	ploidy	cytolytic	139	-0.20010604057160183	0.005355255433409754	0.08032883150114631
TCGA (shared histologies only)	ploidy	cd8_tcell	139	-0.17631004784919502	0.013771681273850622	0.11804298234729105
TCGA (shared histologies only)	ploidy	apm	139	-0.15784804947869924	0.015778799082556846	0.11834099311917635
TCGA (shared histologies only)	ploidy	isg	139	-0.11126308763104104	0.03732084966867309	0.1399531862575241
TCGA (shared histologies only)	ploidy	cgas_sting	139	-0.07349785442646542	0.09509772693962487	0.30769736118610247
TCGA (shared histologies only)	ploidy	tcell_inflamed	139	-0.1716253962406111	0.0007957401981482974	0.047744411888897845
TCGA (shared histologies only)	ploidy	treg	139	-0.11315649134388676	0.02885600955408967	0.12211618614073884
TCGA (shared histologies only)	ploidy	myeloid	139	-0.1308192377821304	0.018840226201135266	0.12211618614073884
TCGA (shared histologies only)	ploidy	tgfb_stroma	139	-0.04697002825027963	0.4209842269682212	0.7069081110401381
TCGA (shared histologies only)	ploidy	exhaustion	139	-0.12800888490504736	0.02783680889932278	0.12211618614073884
TCGA (shared histologies only)	chromo	cytolytic	139	-0.048794333004941313	0.7686934041930538	0.9224320850316645
TCGA (shared histologies only)	chromo	cd8_tcell	139	0.013971276189185602	0.9324350674726554	0.9685103658845668
TCGA (shared histologies only)	chromo	apm	139	0.06311194451493483	0.6748127750960329	0.8476560512310413
TCGA (shared histologies only)	chromo	isg	139	-0.025683629074595198	0.8340882647419718	0.9442508657456286
TCGA (shared histologies only)	chromo	cgas_sting	139	-0.009090358277527494	0.9281171493632316	0.9685103658845668
TCGA (shared histologies only)	chromo	tcell_inflamed	139	-0.06523308518649074	0.5831299210464117	0.7827601195365643
TCGA (shared histologies only)	chromo	treg	139	0.009022374806553601	0.939523174533329	0.9685103658845668
TCGA (shared histologies only)	chromo	myeloid	139	-0.10507318293117311	0.4115063780203365	0.7069081110401381
TCGA (shared histologies only)	chromo	tgfb_stroma	139	0.03075188558267028	0.8171797943187216	0.942899762675448
TCGA (shared histologies only)	chromo	exhaustion	139	-0.09530208694088801	0.4754875423351922	0.7315192959002956
TCGA (shared histologies only)	chromo_any	cytolytic	139	-0.12349745530653904	0.42403236069021477	0.7069081110401381
TCGA (shared histologies only)	chromo_any	cd8_tcell	139	0.06415871739262079	0.6760444256066943	0.8476560512310413
TCGA (shared histologies only)	chromo_any	apm	139	-0.10636536591416842	0.44770847032542077	0.7069081110401381
TCGA (shared histologies only)	chromo_any	isg	139	-0.17557925234314375	0.12281249966571171	0.3508928561877478
TCGA (shared histologies only)	chromo_any	cgas_sting	139	-0.10456106522430553	0.2644450075828612	0.622861035925632
TCGA (shared histologies only)	chromo_any	tcell_inflamed	139	-0.13255293212746486	0.2304957243598868	0.5762393108997169
TCGA (shared histologies only)	chromo_any	treg	139	-0.09091264335057118	0.41148747212648323	0.7069081110401381
TCGA (shared histologies only)	chromo_any	myeloid	139	-0.15760928416743197	0.18537394318944064	0.48358419962462773
TCGA (shared histologies only)	chromo_any	tgfb_stroma	139	0.012702807911955077	0.9183991666452589	0.9685103658845668
TCGA (shared histologies only)	chromo_any	exhaustion	139	-0.09533029312324015	0.44369073976951384	0.7069081110401381
TCGA (shared histologies only)	PGA	cytolytic	139	-0.07598871399057636	0.313952680015089	0.6600556465820282
TCGA (shared histologies only)	PGA	cd8_tcell	139	-0.05847221919463797	0.4355829718335469	0.7069081110401381
TCGA (shared histologies only)	PGA	apm	139	-0.11137033815943947	0.10256578706203415	0.30769736118610247
TCGA (shared histologies only)	PGA	isg	139	-0.12457693833239568	0.02439666563895292	0.12211618614073884
TCGA (shared histologies only)	PGA	cgas_sting	139	-0.04945978301992628	0.28028746616653444	0.622861035925632
TCGA (shared histologies only)	PGA	tcell_inflamed	139	-0.07174281807795091	0.18404184128935616	0.48358419962462773
TCGA (shared histologies only)	PGA	treg	139	-0.052682441566119724	0.3300278232910141	0.6600556465820282
TCGA (shared histologies only)	PGA	myeloid	139	-0.12572642870358985	0.029772884846622213	0.12211618614073884
TCGA (shared histologies only)	PGA	tgfb_stroma	139	0.04885121642988402	0.41970470764278317	0.7069081110401381
TCGA (shared histologies only)	PGA	exhaustion	139	-0.06035930640138409	0.3207854442542919	0.6600556465820282
TCGA (shared histologies only)	n_high	cytolytic	139	-0.022462657385065435	0.7592913780642463	0.9224320850316645
TCGA (shared histologies only)	n_high	cd8_tcell	139	0.004349251810617072	0.9523685264531574	0.9685103658845668
TCGA (shared histologies only)	n_high	apm	139	0.03848826484420462	0.5624199668618713	0.7827601195365643
TCGA (shared histologies only)	n_high	isg	139	-0.0131859214345104	0.8077021892939192	0.942899762675448
TCGA (shared histologies only)	n_high	cgas_sting	139	0.0003121827274514058	0.994405424654688	0.994405424654688
TCGA (shared histologies only)	n_high	tcell_inflamed	139	-0.028521871930038835	0.5870700896524232	0.7827601195365643
TCGA (shared histologies only)	n_high	treg	139	0.00429587065234768	0.9348389279838202	0.9685103658845668
TCGA (shared histologies only)	n_high	myeloid	139	-0.023483425798842217	0.678124840984833	0.8476560512310413
TCGA (shared histologies only)	n_high	tgfb_stroma	139	0.040158218627036085	0.4941195215279248	0.7316081961017383
TCGA (shared histologies only)	n_high	exhaustion	139	-0.03981188249830206	0.49993226733618784	0.7316081961017383
nonTCGA (all)	WGD	cytolytic	421	-0.10216175974737879	0.3461769732430309	0.5854405362156586
nonTCGA (all)	WGD	cd8_tcell	421	-0.10934743694234018	0.32023673759672694	0.5854405362156586
nonTCGA (all)	WGD	apm	421	-0.14394004057554968	0.12357533272312926	0.4689666423857937
nonTCGA (all)	WGD	isg	421	-0.26566788036645217	0.004008004579495395	0.18526835146848364
nonTCGA (all)	WGD	cgas_sting	421	-0.1592362497067091	0.009013787146152948	0.18526835146848364
nonTCGA (all)	WGD	tcell_inflamed	421	-0.10595723171355308	0.18041521930535764	0.4987099461262957
nonTCGA (all)	WGD	treg	421	-0.16713689031338483	0.04233628957491678	0.28962667439708417
nonTCGA (all)	WGD	myeloid	421	-0.06567353011389576	0.4595849821093812	0.6412813703851831
nonTCGA (all)	WGD	tgfb_stroma	421	-0.09017737035072182	0.3146032185644993	0.5854405362156586
nonTCGA (all)	WGD	exhaustion	421	-0.12134307910282047	0.1662673251846424	0.4987099461262957
nonTCGA (all)	ploidy	cytolytic	421	-0.020175500264518444	0.659211513124125	0.7324572368045833
nonTCGA (all)	ploidy	cd8_tcell	421	-0.03156897590489083	0.49630584754467655	0.659171029382786
nonTCGA (all)	ploidy	apm	421	-0.02203677872263728	0.5765642145871059	0.6918770575045271
nonTCGA (all)	ploidy	isg	421	-0.09238630094835404	0.017822998085862053	0.221000492471731
nonTCGA (all)	ploidy	cgas_sting	421	-0.0669076739924177	0.009263417573424183	0.18526835146848364
nonTCGA (all)	ploidy	tcell_inflamed	421	-0.026562198136716078	0.42616673768247293	0.623658640510936
nonTCGA (all)	ploidy	treg	421	-0.08175681826050857	0.018416707705977583	0.221000492471731
nonTCGA (all)	ploidy	myeloid	421	-0.03640875294576652	0.33079504889996253	0.5854405362156586
nonTCGA (all)	ploidy	tgfb_stroma	421	-0.032653356239631906	0.3879188924948085	0.5854405362156586
nonTCGA (all)	ploidy	exhaustion	421	-0.03177666806034196	0.3902936908104391	0.5854405362156586
nonTCGA (all)	chromo	cytolytic	421	-0.05210230567943762	0.6099738762783615	0.7145816600588631
nonTCGA (all)	chromo	cd8_tcell	421	-0.004199333888047205	0.9676775537187544	0.9785944429363893
nonTCGA (all)	chromo	apm	421	-0.1536246491586919	0.08073442717337406	0.38635771069198016
nonTCGA (all)	chromo	isg	421	-0.04339397452345857	0.6193041053843481	0.7145816600588631
nonTCGA (all)	chromo	cgas_sting	421	0.05322586996816491	0.3555471204938431	0.5854405362156586
nonTCGA (all)	chromo	tcell_inflamed	421	-0.08084776111821801	0.27783661644072455	0.5758056982383462
nonTCGA (all)	chromo	treg	421	-0.05041215291586716	0.5163506396831824	0.659171029382786
nonTCGA (all)	chromo	myeloid	421	-0.07290546919482782	0.38314333222242114	0.5854405362156586
nonTCGA (all)	chromo	tgfb_stroma	421	0.12678519438853508	0.13287388200930822	0.4689666423857937
nonTCGA (all)	chromo	exhaustion	421	-0.03725345870347568	0.6520251042471894	0.7324572368045833
nonTCGA (all)	chromo_any	cytolytic	421	-0.105939802303804	0.2721510376414969	0.5758056982383462
nonTCGA (all)	chromo_any	cd8_tcell	421	-0.06519095253505569	0.5055400774220986	0.659171029382786
nonTCGA (all)	chromo_any	apm	421	-0.11580604150914527	0.16389057172396784	0.4987099461262957
nonTCGA (all)	chromo_any	isg	421	-0.056688282746983364	0.4921653092055778	0.659171029382786
nonTCGA (all)	chromo_any	cgas_sting	421	0.0028549318383955594	0.9582028068144693	0.9785944429363893
nonTCGA (all)	chromo_any	tcell_inflamed	421	-0.12164220101250975	0.0837108373165957	0.38635771069198016
nonTCGA (all)	chromo_any	treg	421	-0.13431134085663088	0.0668339655825105	0.38635771069198016
nonTCGA (all)	chromo_any	myeloid	421	-0.09677977213861107	0.22036794723691727	0.5509198680922931
nonTCGA (all)	chromo_any	tgfb_stroma	421	0.08709602411304394	0.27495829465180216	0.5758056982383462
nonTCGA (all)	chromo_any	exhaustion	421	-0.09815198279527519	0.2083099743014509	0.5434173242646545
nonTCGA (all)	PGA	cytolytic	421	-0.05156166846457137	0.26453379980614244	0.5758056982383462
nonTCGA (all)	PGA	cd8_tcell	421	-0.08423029870158857	0.07204883849451466	0.38635771069198016
nonTCGA (all)	PGA	apm	421	-0.023332091144623847	0.5585869566228238	0.6839840285177434
nonTCGA (all)	PGA	isg	421	-0.0856884426971275	0.029786352557909207	0.28962667439708417
nonTCGA (all)	PGA	cgas_sting	421	-0.04145579494115451	0.11159465061422949	0.4689666423857937
nonTCGA (all)	PGA	tcell_inflamed	421	-0.04683435353452485	0.16476620042683474	0.4987099461262957
nonTCGA (all)	PGA	treg	421	-0.07086061205857033	0.04344400115956262	0.28962667439708417
nonTCGA (all)	PGA	myeloid	421	-0.02224217117716632	0.5568240603285544	0.6839840285177434
nonTCGA (all)	PGA	tgfb_stroma	421	0.004423103473619482	0.907925869701867	0.955711441791439
nonTCGA (all)	PGA	exhaustion	421	-0.05622192522001579	0.1322879359111804	0.4689666423857937
nonTCGA (all)	n_high	cytolytic	421	-0.03466864358752709	0.44562835094637504	0.636611929923393
nonTCGA (all)	n_high	cd8_tcell	421	0.012854445026951086	0.7804860629437522	0.8514393413931842
nonTCGA (all)	n_high	apm	421	-0.08070550038274388	0.03913546730020163	0.28962667439708417
nonTCGA (all)	n_high	isg	421	-0.04011603516998385	0.30187724468083854	0.5854405362156586
nonTCGA (all)	n_high	cgas_sting	421	0.0006883791454142182	0.9785944429363893	0.9785944429363893
nonTCGA (all)	n_high	tcell_inflamed	421	-0.03595054254725421	0.2783060874818673	0.5758056982383462
nonTCGA (all)	n_high	treg	421	-0.04601673776922505	0.18286031357964175	0.4987099461262957
nonTCGA (all)	n_high	myeloid	421	-0.0328971589274512	0.37662338905895215	0.5854405362156586
nonTCGA (all)	n_high	tgfb_stroma	421	0.006769630552969495	0.8571191857549698	0.9183419847374676
nonTCGA (all)	n_high	exhaustion	421	-0.034468787575932774	0.34835459010436337	0.5854405362156586
nonTCGA (shared histologies only)	WGD	cytolytic	259	0.015485616953564943	0.8994241644389841	0.9906777823275729
nonTCGA (shared histologies only)	WGD	cd8_tcell	259	0.0014487811112381711	0.9906777823275729	0.9906777823275729
nonTCGA (shared histologies only)	WGD	apm	259	0.031204630360729985	0.7764596846102284	0.9906777823275729
nonTCGA (shared histologies only)	WGD	isg	259	-0.13322204194708326	0.22358327952536564	0.8384372982201211
nonTCGA (shared histologies only)	WGD	cgas_sting	259	-0.1278997441337353	0.06899285949538707	0.6993180649043597
nonTCGA (shared histologies only)	WGD	tcell_inflamed	259	0.019530731002748054	0.8299143262952072	0.9906777823275729
nonTCGA (shared histologies only)	WGD	treg	259	-0.07202193230562172	0.43886497808243274	0.9752555068498505
nonTCGA (shared histologies only)	WGD	myeloid	259	0.053565741511860596	0.6023849760978337	0.9906777823275729
nonTCGA (shared histologies only)	WGD	tgfb_stroma	259	0.04620238086787026	0.6735723915641629	0.9906777823275729
nonTCGA (shared histologies only)	WGD	exhaustion	259	-0.030771319548653503	0.7608782503754967	0.9906777823275729
nonTCGA (shared histologies only)	ploidy	cytolytic	259	0.02571082290101677	0.6372955920355636	0.9906777823275729
nonTCGA (shared histologies only)	ploidy	cd8_tcell	259	0.017346413213790945	0.7533064141116085	0.9906777823275729
nonTCGA (shared histologies only)	ploidy	apm	259	0.04335181887977938	0.37522410845151183	0.9752555068498505
nonTCGA (shared histologies only)	ploidy	isg	259	-0.047658045846399516	0.32830863190116916	0.9380246625747691
nonTCGA (shared histologies only)	ploidy	cgas_sting	259	-0.0655908873705258	0.0359818419001928	0.6993180649043597
nonTCGA (shared histologies only)	ploidy	tcell_inflamed	259	0.020095301278925434	0.6194755548425557	0.9906777823275729
nonTCGA (shared histologies only)	ploidy	treg	259	-0.05767879604624217	0.1631742151443506	0.6993180649043597
nonTCGA (shared histologies only)	ploidy	myeloid	259	0.010718418853990486	0.8148872694763375	0.9906777823275729
nonTCGA (shared histologies only)	ploidy	tgfb_stroma	259	0.021437108374852867	0.66061300394916	0.9906777823275729
nonTCGA (shared histologies only)	ploidy	exhaustion	259	0.0017655073597505474	0.9687149379506972	0.9906777823275729
nonTCGA (shared histologies only)	chromo	cytolytic	259	0.045148590489562	0.6982241415049947	0.9906777823275729
nonTCGA (shared histologies only)	chromo	cd8_tcell	259	0.09160647473074653	0.4367526629260447	0.9752555068498505
nonTCGA (shared histologies only)	chromo	apm	259	0.007202399078972682	0.9450361567261237	0.9906777823275729
nonTCGA (shared histologies only)	chromo	isg	259	0.04749295527819793	0.6484725725756784	0.9906777823275729
nonTCGA (shared histologies only)	chromo	cgas_sting	259	0.07015981663112208	0.2950208954338653	0.8850626863015959
nonTCGA (shared histologies only)	chromo	tcell_inflamed	259	0.011832098082636567	0.8911046593166526	0.9906777823275729
nonTCGA (shared histologies only)	chromo	treg	259	-0.126001654223327	0.15363799837363887	0.6993180649043597
nonTCGA (shared histologies only)	chromo	myeloid	259	-0.15234928487436197	0.11824711530846979	0.6993180649043597
nonTCGA (shared histologies only)	chromo	tgfb_stroma	259	0.11079821535622744	0.28742951665620764	0.8850626863015959
nonTCGA (shared histologies only)	chromo	exhaustion	259	0.052223533376465896	0.5867995356588394	0.9906777823275729
nonTCGA (shared histologies only)	chromo_any	cytolytic	259	0.019524774381838274	0.8610384327767362	0.9906777823275729
nonTCGA (shared histologies only)	chromo_any	cd8_tcell	259	0.06721358565485597	0.5514096917436643	0.9906777823275729
nonTCGA (shared histologies only)	chromo_any	apm	259	0.007426891740356208	0.9408284271331121	0.9906777823275729
nonTCGA (shared histologies only)	chromo_any	isg	259	0.09401350703507817	0.34572981187949386	0.9428994869440742
nonTCGA (shared histologies only)	chromo_any	cgas_sting	259	0.09507855020000787	0.13798237250321882	0.6993180649043597
nonTCGA (shared histologies only)	chromo_any	tcell_inflamed	259	-0.002132621682696922	0.9794448271969839	0.9906777823275729
nonTCGA (shared histologies only)	chromo_any	treg	259	-0.11069471314277432	0.19074255740119583	0.7629702296047833
nonTCGA (shared histologies only)	chromo_any	myeloid	259	-0.13563107452699533	0.14659452441518328	0.6993180649043597
nonTCGA (shared histologies only)	chromo_any	tgfb_stroma	259	0.14085703064330732	0.15757537170406474	0.6993180649043597
nonTCGA (shared histologies only)	chromo_any	exhaustion	259	0.03376219853980965	0.7137616438317305	0.9906777823275729
nonTCGA (shared histologies only)	PGA	cytolytic	259	0.04634880370569149	0.3990208997540416	0.9752555068498505
nonTCGA (shared histologies only)	PGA	cd8_tcell	259	0.03410877697449354	0.5398243047808327	0.9906777823275729
nonTCGA (shared histologies only)	PGA	apm	259	0.07979948453316679	0.10485079605583858	0.6993180649043597
nonTCGA (shared histologies only)	PGA	isg	259	-0.026739380992417267	0.5867134977413585	0.9906777823275729
nonTCGA (shared histologies only)	PGA	cgas_sting	259	-0.0057502527428753974	0.8559246749453883	0.9906777823275729
nonTCGA (shared histologies only)	PGA	tcell_inflamed	259	0.06000785273649343	0.14061023978255804	0.6993180649043597
nonTCGA (shared histologies only)	PGA	treg	259	0.011366664783364011	0.7855824513213515	0.9906777823275729
nonTCGA (shared histologies only)	PGA	myeloid	259	0.09102021274273706	0.0477758264450595	0.6993180649043597
nonTCGA (shared histologies only)	PGA	tgfb_stroma	259	0.07024391126597065	0.1528610388098304	0.6993180649043597
nonTCGA (shared histologies only)	PGA	exhaustion	259	0.04983927227629631	0.27160373815511696	0.8850626863015959
nonTCGA (shared histologies only)	n_high	cytolytic	259	-0.0034721121246633754	0.9488893901077976	0.9906777823275729
nonTCGA (shared histologies only)	n_high	cd8_tcell	259	0.04445697258390062	0.4170591223091821	0.9752555068498505
nonTCGA (shared histologies only)	n_high	apm	259	-0.009061377350417356	0.8520539264214393	0.9906777823275729
nonTCGA (shared histologies only)	n_high	isg	259	0.003268274644535032	0.9462308311999279	0.9906777823275729
nonTCGA (shared histologies only)	n_high	cgas_sting	259	0.0345329123536595	0.2677042316055473	0.8850626863015959
nonTCGA (shared histologies only)	n_high	tcell_inflamed	259	0.0084106206732148	0.834253055263694	0.9906777823275729
nonTCGA (shared histologies only)	n_high	treg	259	-0.07206842431659177	0.07900673135685515	0.6993180649043597
nonTCGA (shared histologies only)	n_high	myeloid	259	-0.06906720616114141	0.12787006651939992	0.6993180649043597
nonTCGA (shared histologies only)	n_high	tgfb_stroma	259	-0.013881392395061157	0.7746754860593947	0.9906777823275729
nonTCGA (shared histologies only)	n_high	exhaustion	259	0.009704425867428736	0.8281360487172215	0.9906777823275729
nonTCGA (solid only)	WGD	cytolytic	260	-0.018085547079086654	0.878349687744639	0.983976072457376
nonTCGA (solid only)	WGD	cd8_tcell	260	-0.019395255587241877	0.8753939239662801	0.983976072457376
nonTCGA (solid only)	WGD	apm	260	-0.11306747062742255	0.290943667861378	0.983976072457376
nonTCGA (solid only)	WGD	isg	260	-0.16560857369928247	0.11474175346183671	0.9104759261622731
nonTCGA (solid only)	WGD	cgas_sting	260	-0.15057546376138276	0.03500430967980024	0.7000861935960048
nonTCGA (solid only)	WGD	tcell_inflamed	260	-0.05128520658979014	0.5806494741883373	0.983976072457376
nonTCGA (solid only)	WGD	treg	260	-0.11507763111694742	0.20956493593942008	0.983976072457376
nonTCGA (solid only)	WGD	myeloid	260	-0.018103240916175614	0.8596985484581657	0.983976072457376
nonTCGA (solid only)	WGD	tgfb_stroma	260	-0.10049908014648962	0.33950185221431356	0.983976072457376
nonTCGA (solid only)	WGD	exhaustion	260	-0.05973614291817194	0.5593129239437713	0.983976072457376
nonTCGA (solid only)	ploidy	cytolytic	260	0.010391458501844291	0.8528153018478312	0.983976072457376
nonTCGA (solid only)	ploidy	cd8_tcell	260	0.004111756034782171	0.9440917001785165	0.983976072457376
nonTCGA (solid only)	ploidy	apm	260	-0.006648344174902823	0.8958906334800774	0.983976072457376
nonTCGA (solid only)	ploidy	isg	260	-0.05626360195769954	0.2588710772881298	0.983976072457376
nonTCGA (solid only)	ploidy	cgas_sting	260	-0.0725089699636894	0.032191307399449254	0.7000861935960048
nonTCGA (solid only)	ploidy	tcell_inflamed	260	-0.008659794134904562	0.8440365948591453	0.983976072457376
nonTCGA (solid only)	ploidy	treg	260	-0.06163223033929091	0.1561141370367565	0.983976072457376
nonTCGA (solid only)	ploidy	myeloid	260	-0.02354535459232699	0.6276246338072811	0.983976072457376
nonTCGA (solid only)	ploidy	tgfb_stroma	260	-0.051716581930152765	0.2997109623003197	0.983976072457376
nonTCGA (solid only)	ploidy	exhaustion	260	-0.005377784285811429	0.9117365469381515	0.983976072457376
nonTCGA (solid only)	chromo	cytolytic	260	0.044480771082919986	0.69524312247934	0.983976072457376
nonTCGA (solid only)	chromo	cd8_tcell	260	0.09786979145393182	0.41001871761362607	0.983976072457376
nonTCGA (solid only)	chromo	apm	260	-0.16510527969621966	0.10808466189552941	0.9104759261622731
nonTCGA (solid only)	chromo	isg	260	0.006315774975796056	0.9502160407753224	0.983976072457376
nonTCGA (solid only)	chromo	cgas_sting	260	0.05790764610319925	0.4005866529527978	0.983976072457376
nonTCGA (solid only)	chromo	tcell_inflamed	260	-0.03689959269260113	0.6792224426854154	0.983976072457376
nonTCGA (solid only)	chromo	treg	260	0.001930778245062964	0.982550366703262	0.9897309573638271
nonTCGA (solid only)	chromo	myeloid	260	-0.024407889770753283	0.8041518737259162	0.983976072457376
nonTCGA (solid only)	chromo	tgfb_stroma	260	0.19552366462212512	0.0525089700382233	0.7876345505733495
nonTCGA (solid only)	chromo	exhaustion	260	0.03612890092470203	0.7133535530204927	0.983976072457376
nonTCGA (solid only)	chromo_any	cytolytic	260	-0.02673008680094804	0.8111047354811447	0.983976072457376
nonTCGA (solid only)	chromo_any	cd8_tcell	260	0.030152961178798288	0.7967462967212182	0.983976072457376
nonTCGA (solid only)	chromo_any	apm	260	-0.1313356876637757	0.19475237633487544	0.983976072457376
nonTCGA (solid only)	chromo_any	isg	260	-0.022818910019769018	0.8188324750129519	0.983976072457376
nonTCGA (solid only)	chromo_any	cgas_sting	260	-0.008984133491500762	0.8947307239453236	0.983976072457376
nonTCGA (solid only)	chromo_any	tcell_inflamed	260	-0.10109754645080159	0.2494708497475647	0.983976072457376
nonTCGA (solid only)	chromo_any	treg	260	-0.13647537392397377	0.11561027435694197	0.9104759261622731
nonTCGA (solid only)	chromo_any	myeloid	260	-0.07498405005997791	0.43899161280368343	0.983976072457376
nonTCGA (solid only)	chromo_any	tgfb_stroma	260	0.15404316096007786	0.12139679015496975	0.9104759261622731
nonTCGA (solid only)	chromo_any	exhaustion	260	-0.06917189252625115	0.47499606863704685	0.983976072457376
nonTCGA (solid only)	PGA	cytolytic	260	0.012644718657763126	0.8251335267010291	0.983976072457376
nonTCGA (solid only)	PGA	cd8_tcell	260	-0.033969806839798625	0.5705803596268102	0.983976072457376
nonTCGA (solid only)	PGA	apm	260	0.008776155107865013	0.8657543579580352	0.983976072457376
nonTCGA (solid only)	PGA	isg	260	-0.024954486549892536	0.6244172137891538	0.983976072457376
nonTCGA (solid only)	PGA	cgas_sting	260	-0.03856873701645999	0.2663773908164279	0.983976072457376
nonTCGA (solid only)	PGA	tcell_inflamed	260	-0.000578905254540199	0.9897309573638271	0.9897309573638271
nonTCGA (solid only)	PGA	treg	260	-0.017631758640024794	0.6918338875483094	0.983976072457376
nonTCGA (solid only)	PGA	myeloid	260	0.02125502536778723	0.6682641043764428	0.983976072457376
nonTCGA (solid only)	PGA	tgfb_stroma	260	0.026595317098463946	0.6019999272097425	0.983976072457376
nonTCGA (solid only)	PGA	exhaustion	260	-0.01340508884218979	0.7868255015913227	0.983976072457376
nonTCGA (solid only)	n_high	cytolytic	260	-0.0034166451541050406	0.9511768700421301	0.983976072457376
nonTCGA (solid only)	n_high	cd8_tcell	260	0.05703614355110789	0.3283883207018365	0.983976072457376
nonTCGA (solid only)	n_high	apm	260	-0.11100903485742314	0.027555526380459657	0.7000861935960048
nonTCGA (solid only)	n_high	isg	260	-0.031368500186908364	0.5278304131064172	0.983976072457376
nonTCGA (solid only)	n_high	cgas_sting	260	-0.006782047192537318	0.8413105756456856	0.983976072457376
nonTCGA (solid only)	n_high	tcell_inflamed	260	-0.0291836639132126	0.5055629677781037	0.983976072457376
nonTCGA (solid only)	n_high	treg	260	-0.04398230858912441	0.3101256802544358	0.983976072457376
nonTCGA (solid only)	n_high	myeloid	260	-0.01466701528511686	0.7616887121940935	0.983976072457376
nonTCGA (solid only)	n_high	tgfb_stroma	260	0.02985325722287461	0.5481873705810786	0.983976072457376
nonTCGA (solid only)	n_high	exhaustion	260	-0.022591739038755214	0.6401267457761602	0.983976072457376
